{"要求": 0.2168430257033911, "信息": 0.17613858265776722, "经营": 0.23127291875921085, "办法": 0.5034924397242753, "红线": 0.2249833330449719, "网络": 0.27740940580158757, "解读": 0.1931281772409613, "暂行办法": 0.4476186986200558, "法律法规": 0.19774209803442158, "防范": 0.17775340094386952, "清单": 0.4476186986200558, "备案": 0.29997777739329584, "征求意见": 0.6297190964058518, "禁止": 0.3655979161980793, "金融监管": 0.3365070199890776, "管理": 0.2456868918341056, "有关": 0.2496664987015737, "地方": 0.25956039027647254, "报送": 0.1944116659660464, "意见": 0.19022984141392865, "信息化": 0.20015410334910752, "责任编辑": 0.19226695576035002, "义务": 0.2916174989490696, "存管": 0.19979699775334406, "保息": 0.2974193081219901, "会同": 0.2287475466846943, "明确": 0.319084603072442, "细则": 0.45070232635366, "公安部": 0.22306448109149257, "部门": 0.25507003024903296, "规定": 0.2689219817098808, "中介": 0.2177122623518977, "自担": 0.1782106938022092, "中介机构": 0.693978385617977, "活动": 0.30613085718110866, "行为": 0.2666301014158043, "合规": 0.18398674999237677, "保护": 0.17901629329788363, "整改": 0.24784942343499175, "应当": 0.33835668118752904, "起草": 0.17669159156054834, "资管": 0.1874861108708099, "披露": 0.19174454002591265, "不得": 0.3244741635681649, "出借": 0.5530105807142608, "众筹": 0.17400377997463243, "保本": 0.2355887887473978, "承担": 0.18265360797233252, "负面": 0.37609171357450355, "评估": 0.1782997514869983}
