{"背书": 0.09439398608135204, "抢占": 0.049569884686998356, "控股": 0.058001259991544145, "果子": 0.0648038886553488, "黑天鹅": 0.0486029164915116, "联想": 0.10546245228502485, "e租宝": 0.09160533419505487, "电视广告": 0.0486029164915116, "新闻联播": 0.13631718288924546, "打广告": 0.11437377334234715, "招标会": 0.10007705167455376, "王思聪": 0.14870965406099504, "黄金": 0.1153704274327636, "电视": 0.0972058329830232, "金信网": 0.049569884686998356, "紫马财行": 0.0648038886553488, "标王": 0.24784942343499175, "广告主": 0.07148360833896697, "刘珺": 0.0486029164915116, "中赢": 0.0486029164915116, "翼龙贷": 0.2906034718497554, "拿下": 0.08578033000676036, "泛亚": 0.049569884686998356, "速报": 0.0648038886553488, "夺得": 0.081004860819186, "越描越黑": 0.0486029164915116, "熬过": 0.0486029164915116, "投放": 0.0648038886553488, "大干": 0.0486029164915116, "烧钱": 0.0541355310582768, "金银猫": 0.052731226142512425, "央视": 0.33477483700681704, "标版": 0.0486029164915116, "招标": 0.10007705167455376, "时段": 0.0972058329830232, "银谷": 0.11437377334234715, "寒冬": 0.05925113364795651, "标的物": 0.052731226142512425, "做广告": 0.081004860819186, "没好": 0.081004860819186, "资源": 0.08131712725935213, "媒体": 0.06562013880478347, "花费": 0.0486029164915116, "广告位": 0.1134068051468604, "亿成": 0.0486029164915116, "重金": 0.11864525882065295, "广告": 0.23378674087063733, "财经频道": 0.0486029164915116, "广告费用": 0.0648038886553488, "郭大刚": 0.07148360833896697}
