{"带走": 0.23684967683127037, "分公司": 0.25956039027647254, "法定代表": 0.14870965406099504, "经侦": 0.18214517223841473, "e租宝": 1.1697296520291622, "大大": 0.372192349306282, "大厦": 0.16110212523274461, "调查": 0.3517286084603871, "违法": 0.14683508945988097, "官网": 0.19885367608039275, "支公司": 0.1296077773106976, "维权": 0.13216624658200335, "租赁": 0.1459274930542536, "冻结": 0.1858573816813141, "金易": 0.1845592914987935, "最新消息": 0.1458087494745348, "突查": 0.14501087189190917, "变更": 0.13182806535628105, "被查": 0.32707812514794476, "新华社": 0.14296721667793394, "工资": 0.1296077773106976, "北京": 0.16330256821375114, "张敏": 0.14501087189190917, "钰诚集团": 0.3163873568550746, "集团": 0.22058417824533577, "爆料": 0.17669159156054834, "今日": 0.14111584709219382, "申彤": 0.1944116659660464, "返回": 0.14296721667793394, "警察": 0.15726393834572733, "钰诚": 0.21061263812988357, "缅甸": 0.17156066001352072, "关联": 0.13124027760956694, "全部": 0.21429256475210176, "朝阳区": 0.14296721667793394, "暂停": 0.13426221997341273, "母公司": 0.2109249045700497, "警方": 0.16934238164432705, "遭查": 0.15726393834572733, "网络科技": 0.13631718288924546, "安徽": 0.13214033179644719, "代销": 0.2517172962169388, "查封": 0.1858870675762438, "之前": 0.162009721638372, "员工": 0.2677694384163143, "官方": 0.15381356460828002, "事件": 0.16455403752981024, "消息": 0.18501833500736867, "报道": 0.16787821200254346, "涉嫌": 0.25407694046566315}
