{"股价": 0.13734352287459164, "净利润": 0.16110212523274461, "美股": 0.1845592914987935, "三季度": 0.10007705167455376, "每股": 0.11864525882065295, "递交": 0.12867049501014052, "万美元": 0.22713191449771541, "权则": 0.1134068051468604, "说明书": 0.12867049501014052, "LendingClub": 0.2238093493100279, "收为": 0.1296077773106976, "路演": 0.14501087189190917, "华兴": 0.162009721638372, "上市": 0.3784106006394457, "募资": 0.12867049501014052, "首日": 0.2372905176413059, "新股": 0.10007705167455376, "申请": 0.13216624658200335, "成功": 0.1968604164143504, "第一股": 0.3258812350637608, "国内": 0.09764199509110238, "海外": 0.11940571677031786, "承销商": 0.1296077773106976, "唐宁": 0.26428066359289437, "招股书": 0.2144508250169009, "宜信": 0.2699482995658228, "速报": 0.1296077773106976, "认购": 0.11437377334234715, "ADS": 0.1458087494745348, "发行价": 0.24784942343499175, "PPT": 0.17156066001352072, "YRD": 0.15726393834572733, "破发": 0.2109249045700497, "赴美": 0.2827065464968774, "美国": 0.25407694046566315, "提交": 0.14501087189190917, "资本市场": 0.12734221152487574, "净营收": 0.1134068051468604, "最新版": 0.10546245228502485, "百度": 0.17393375190474966, "美元": 0.3072984370060266, "IPO": 0.2835928328717615, "更新": 0.13182806535628105, "申请书": 0.10007705167455376, "净亏损": 0.1296077773106976, "招股": 0.1845592914987935, "区间": 0.10546245228502485, "登陆": 0.2605215638625117, "纽交所": 0.5101880625640854, "宜人贷": 0.7784574245709521}
